3.48432298153377e-05,4.35331020400878e-05,6.40324242815757e-05,8.58502908400565e-06,0.999849006214779
3.65002780015816e-05,4.56386092226358e-05,6.53274784638403e-05,5.20582452530783e-06,0.999847327809787
3.33346386532335e-05,4.17150642367323e-05,5.65679796132887e-05,2.82624475065628e-08,0.999868354055049
2.86983520937411e-05,3.61551675543226e-05,3.49075432322344e-05,0.0135911539054373,0.986309085031682
3.30229977872139e-05,4.2342700151929e-05,7.07332467127271e-06,0.0934816125456064,0.906435948431783
4.74795913326566e-05,6.15137404848686e-05,0.000112443231113519,0.291752326156038,0.708026237281031
5.31621453239806e-05,6.52626783453008e-05,0.0121986876335334,0.60848130546601,0.379201582076787
4.53565847749725e-05,2.82907166885182e-05,0.117134166929502,0.78983121513649,0.0929609706325448
5.72935800767438e-05,4.15386836380457e-06,0.357563741416809,0.631148856812642,0.0112259543221079
6.51095517871897e-05,3.40625317566148e-06,0.615385204425706,0.384465176722281,8.11030470504614e-05
6.14952902365054e-05,6.16062494224252e-06,0.794928976030685,0.204997577017817,5.79103631934371e-06
5.23716291402182e-05,9.12911542896473e-06,0.912750073119013,0.0871626596978119,2.57664386053111e-05
4.16192904214893e-05,3.34464918716051e-06,0.977436216461133,0.022481595261162,3.72243380965474e-05
2.83743468346295e-05,3.23286461029804e-06,0.999006360719771,0.00091489746261546,4.71346061683615e-05
1.02456125807597e-05,0.0109563682261268,0.988964261837707,6.60435379347575e-06,6.25199697920106e-05
4.29541912054551e-07,0.0473455980136618,0.952552389266303,2.36850531675366e-05,7.78981249557654e-05
0.000373435534489463,0.11253672007069,0.886979020004627,1.88098208640066e-05,9.20145693297004e-05
0.0036939110782441,0.222027904785207,0.774159225434909,1.27000806619672e-05,0.000106258620978374
0.0164397175747933,0.38125496024251,0.602182538395006,8.72450655172825e-06,0.000114059281138034
0.0687936144979281,0.584765887465754,0.346308807759098,2.66230258488514e-05,0.000105067251371061
0.213389396179597,0.657825986445194,0.128603724546765,8.34548134633419e-05,9.74380149809741e-05
0.576114512548897,0.402519542290637,0.0211353336437614,0.000129366154007869,0.000101245362696697
0.826858471063761,0.170108075014319,0.00286966782600209,9.37728923170795e-05,7.0013203601128e-05
0.959852351501906,0.0400177803266203,3.35388215263359e-05,5.53296335546641e-05,4.09997163921875e-05
0.997208950404416,0.00269368604182842,1.18683003382495e-05,4.90092535832834e-05,3.64859998337766e-05
0.999855229372849,5.18435991424727e-08,4.13198247835286e-05,5.92015070754761e-05,4.41974516925099e-05
0.999782407687933,1.05796350743506e-05,7.16494417712891e-05,7.74859644721322e-05,5.78772707490618e-05
0.999702187465073,2.42798633927336e-05,9.85587178705092e-05,0.000100178003617182,7.47959500470095e-05
0.999662163042378,1.76013279812979e-05,0.000113311979428089,0.000118504488361562,8.84191618512349e-05
0.999661185596746,8.53827596644312e-06,0.000112393872156429,0.00012481575074287,9.30665043883943e-05
0.999683940572594,7.75645076007196e-08,9.92486571672139e-05,0.000124218644527314,9.25145612034759e-05
0.997073140655882,0.0026488184111368,7.14133771604838e-05,0.00011855793829502,8.80696175259411e-05
0.980732626060194,0.0190330489699236,4.17007627046775e-05,0.000110698604591322,8.19256025860263e-05
0.928964038840869,0.070849529387955,9.02629421498066e-06,0.000102260193265343,7.51452836956441e-05
0.770679941891469,0.229113416598051,5.29732872871259e-07,0.000119360979724986,8.67507978817296e-05
0.492873736756941,0.506841299082137,3.86667877509127e-07,0.000165895913189652,0.000118681579855102
0.290524433386421,0.70918303006471,1.64215047995297e-07,0.000172170813595329,0.000120201520226002
0.146884351978762,0.852864429416056,1.97244338534443e-07,0.000150047172098874,0.000100974188744887
0.0696120921235533,0.930184436926594,4.23640642763153e-06,0.000121050970130701,7.81835732950436e-05
0.0266307964217428,0.973208818896005,1.10097143215106e-05,9.2490416964131e-05,5.68845509661596e-05
0.00411474171091058,0.995774201812645,7.7292039705692e-06,6.5502693206068e-05,3.78245792682513e-05
3.09378672249254e-08,0.999863647283242,6.21072741684558e-05,4.6999495588643e-05,2.72150091335495e-05
5.10814641234552e-06,0.977682360052754,0.0222369844269833,4.11327177652945e-05,3.44146560854918e-05
1.52543039841592e-06,0.915410238708828,0.0845038293365586,3.08822936128527e-05,5.35242306023268e-05
4.87175577717208e-08,0.809134613371458,0.190781294682844,6.17116558662879e-06,7.78720625538927e-05
5.55058678957353e-08,0.661719909535626,0.338064439398574,0.000118539461960082,9.70560979723948e-05
1.03156042417419e-07,0.469857881517598,0.524375265390652,0.00566720598003393,9.95439556743819e-05
1.33527978593539e-07,0.216881416321392,0.732385798988483,0.0506652656985766,6.73854635692567e-05
1.34263670451362e-05,0.0505157570385496,0.721610605659536,0.227836063391197,2.41475436721657e-05
3.90014183445696e-05,0.00555042822678671,0.471014735342649,0.523392249528009,3.58548421141566e-06
3.42401928318329e-05,0.000102442764318704,0.229725764036871,0.770135641032798,1.91197318026532e-06
1.70436419863593e-05,4.93593836498117e-06,0.0650124377013202,0.934963357229665,2.22548866390356e-06
1.15633542789972e-05,1.78217504478579e-05,0.00423433287800574,0.995736247099729,3.49175385356866e-08
2.31928076794118e-05,3.78270693787344e-05,6.48002232630505e-08,0.966263587979436,0.0336753273432824
4.7814003805e-05,6.98896488755168e-05,1.24665797925322e-05,0.84897085726753,0.150898972499997
6.86039161595095e-05,9.45046373942393e-05,1.82802478633169e-05,0.642695929871028,0.357122681327555
6.98648487455478e-05,9.3473494188856e-05,2.94502038886374e-05,0.419841399518785,0.579965811934392
5.57250716968251e-05,7.30873604275634e-05,4.08569682658968e-05,0.220682890385774,0.779147440213836
3.74566210750534e-05,4.81804014870129e-05,4.42158368414763e-05,0.0787867514436808,0.921083395696916
2.79976721486289e-05,3.52926189068952e-05,4.68673952535488e-05,0.01216882683308,0.987721015480611
2.86860094954524e-05,3.58339040977785e-05,5.38366286716333e-05,2.65215450084033e-08,0.99988161693619
3.43175239740211e-05,4.28703469801133e-05,6.33022049204998e-05,7.00311008926676e-06,0.999852506814036
3.59163034452144e-05,4.48909010219247e-05,6.51830442820401e-05,8.6007550353771e-06,0.999845408996215
3.13329965939524e-05,3.91241622878294e-05,5.86464096390486e-05,2.28626326134968e-07,0.999870667805153
1,0,0,0,0
0,1,0,0,0
0,0,1,0,0
0,0,0,1,0
0,0,0,0,1
3.38102924484907e-05,4.22323743984995e-05,6.24081175218601e-05,6.30132436551636e-06,0.999855247891266
3.26896677892063e-05,4.08236699656662e-05,6.08099647228832e-05,2.63048891429718e-06,0.999863046208608
2.6921725903355e-05,3.3586985381418e-05,5.14177665321428e-05,2.12705812854435e-08,0.999888052251602
2.97789637664387e-05,3.71610296464538e-05,5.61085191831223e-05,3.45025022446708e-07,0.999876606462382
1.72537330688282e-05,2.14388607916541e-05,3.4631318091327e-05,6.96522563890967e-09,0.999926669122823
3.160730699e-05,3.94761866837207e-05,5.76131418566141e-05,1.3014835060863e-07,0.999871173216119
2.36739973424412e-05,2.9491562720503e-05,4.60689812136318e-05,3.81047731197456e-08,0.99990072735395
3.18392549170985e-05,3.97545168917003e-05,5.89414664159481e-05,3.49860453485347e-06,0.99986596615724
1.76243520752441e-05,2.20489246295249e-05,3.35667134703496e-05,0.00266538557008925,0.997261374439736
2.54896834102817e-05,3.17750056787872e-05,4.82140588343662e-05,4.7023891781179e-08,0.999894474228185
3.47086683686492e-05,4.3371796576409e-05,6.31254583383454e-05,5.45927183941199e-06,0.999853334804877
1.77957888519738e-05,2.21482447293967e-05,3.57985768357389e-05,7.55514216071852e-09,0.999924249834441
3.51052418700397e-05,4.39023213100234e-05,6.18272730356256e-05,4.9201242588354e-07,0.999858673151358
8.38523464399391e-06,1.04141343421573e-05,1.81610202933139e-05,4.02077304712133e-09,0.999963035589947
2.17864419685909e-05,2.7238045778196e-05,3.59275700348148e-05,0.00129196970739049,0.998623078234828
3.50868495647096e-05,4.38638141433549e-05,6.27192360001788e-05,6.00483387262539e-07,0.999857729616904
2.12718000941031e-05,2.73408052577125e-05,2.51357228200714e-05,0.0455808556622571,0.954345396009571
8.52948425128e-06,1.05524363036432e-05,1.74999639479434e-05,1.89244930816166e-09,0.999963416223048
2.05576331712483e-05,2.5612721135827e-05,3.81185291716913e-05,1.4044190083617e-08,0.999915697072331
2.84439091657674e-05,3.5536281410777e-05,5.01892811664055e-05,1.83443846334772e-08,0.999885812183873
9.64869143515871e-06,1.2329532821064e-05,1.33702154010005e-05,0.0169379533587801,0.983026698201563
1.7831070116427e-05,2.26839462740701e-05,1.39006338977347e-05,0.031202792012821,0.968742792336891
2.84489825747242e-05,3.56153993282913e-05,4.62559047530845e-05,0.000667575754200656,0.999222103959143
3.30924743349434e-05,4.1382389554368e-05,5.77859257312451e-05,3.19631225663726e-08,0.999867707247257
1.74995107996875e-05,2.2153177055207e-05,2.81869239676053e-05,0.0155783246577254,0.984353835730452
2.48852616161766e-05,3.13312325792057e-05,4.26905202268629e-05,0.00988123695530437,0.990019856030273
2.72412808297095e-05,3.47159674178726e-05,3.85363410729847e-05,0.0359803549667502,0.963919151443929
2.64004585662779e-05,3.45701958718449e-05,1.02978055096543e-05,0.115500907509998,0.884427824030054
8.34275319845374e-06,1.05254677001685e-05,9.423400702167e-06,0.0098275522213166,0.990144156157083
1.82058388159598e-05,2.36727358932245e-05,4.93401613206191e-06,0.0740942821880911,0.925858905221068
1.65807562999751e-05,2.08233171883425e-05,2.25940220853956e-05,0.00817425193484682,0.99176574996958
1.38684815456497e-05,1.78296264397134e-05,6.96688061536181e-06,0.0403516518389342,0.959609683172465
2.97472154251576e-05,3.84294306768781e-05,3.97132470020835e-06,0.11249479470626,0.887433057322938
2.56794769773366e-05,3.24351423649399e-05,2.73116174936147e-05,0.0210412237107243,0.97887335005244
2.10555204681513e-05,2.65994381850574e-05,2.25154202898639e-05,0.0194587116360406,0.980471117985016
2.65123041589175e-05,3.38258127143469e-05,1.45842141711095e-05,0.054585205187446,0.94533987248151
2.40467622166415e-05,3.01977103656545e-05,3.36581610775866e-05,0.00701819551719546,0.992893901849145
3.04002645373418e-05,3.81083978401827e-05,4.72115616245236e-05,0.00147436495469738,0.998409914821301
2.78890522240871e-05,3.5063381553093e-05,3.75273771232971e-05,0.00837083830767389,0.991528681881426
1.17288360129751e-05,1.53234090781508e-05,5.90719612573799e-06,0.0470785989822383,0.952888441576545
2.36519797521776e-05,3.03422832608231e-05,9.44759599990425e-06,0.065277853096679,0.934658705044308
2.91337149784196e-05,3.69950492584939e-05,2.17290678645751e-05,0.0410508776893742,0.958861264478524
2.93060261120584e-05,3.67485975661836e-05,4.4664468007879e-05,0.00263010985107982,0.997259171057234
3.16887945988113e-05,3.9675493049623e-05,5.21982982354528e-05,0.000167401854256712,0.999709035559859
2.15348834886723e-05,2.80050928665884e-05,1.64870161481893e-05,0.0726631528303988,0.927270820177098
4.00484564722866e-05,5.21356811587364e-05,3.3608438709719e-05,0.132364643395535,0.867509564028125
3.65138631285118e-05,4.77795395217421e-05,2.15182719206317e-05,0.146316452783575,0.853577735541854
3.00361073397046e-05,3.89655507843629e-05,2.71603503773298e-05,0.0904303306711438,0.909473507320355
3.37734447104325e-05,4.35285680730114e-05,3.77531790651577e-05,0.078213060359404,0.921671884448747
2.79623602802625e-05,3.55063024680042e-05,2.12005568684e-05,0.0397722660287882,0.960143064751595
3.06484507375959e-05,3.91821320177275e-05,1.1879493525323e-05,0.0724038205882314,0.927514469335488
3.08440870620375e-05,3.96357438958361e-05,6.45678676940188e-06,0.0962025251986883,0.903720538183584
3.96032275927525e-05,5.1159731713133e-05,3.1150859902921e-07,0.174286059285985,0.82562286624611
5.85409793321345e-05,7.74376606082925e-05,2.67369773904122e-05,0.292566279675206,0.707271004707463
3.11026622924573e-05,3.95833206927706e-05,4.48651292361326e-05,0.0365217522272172,0.963362696660562
4.95874185015787e-05,6.47211454617614e-05,4.09572881863992e-05,0.173264015551593,0.826580718596257
4.84477404382977e-05,6.36138581408215e-05,2.8266597113337e-05,0.205863959805666,0.793995711998642
5.07754385512902e-05,6.71129142130037e-05,4.584803232196e-06,0.296133056659437,0.703744470184567
3.31005083700006e-05,4.23800447046477e-05,4.28252234149781e-05,0.0561122423052339,0.943769451918277
5.4871503916076e-05,7.20730102708612e-05,3.6989533456358e-05,0.227458613518023,0.772377452434334
4.10313331145035e-05,5.39611577382759e-05,1.15746621925553e-05,0.200799148062245,0.79909428478471
4.79684924466095e-05,6.27426204727241e-05,3.54117694928579e-05,0.180244596652096,0.819609280465492
4.61236189677087e-05,5.99387974608849e-05,4.30417204940431e-05,0.141219933124977,0.858630962738101
4.1510822512736e-05,5.37732043522013e-05,4.16023685943316e-05,0.114910732095635,0.884952381508906
5.23325157993082e-05,6.91620080002303e-05,1.62050643282112e-05,0.272500371466684,0.727361928945188
3.88316937899725e-05,5.08496943800592e-05,4.41074387850035e-07,0.207833828151769,0.792076049385673
4.47156064908702e-05,5.88032147108559e-05,1.91970052892908e-05,0.20615129910246,0.793725985071049
6.4805327401337e-05,8.70525457176946e-05,5.77492011475008e-06,0.467076510225692,0.532765856981074
3.46688423307942e-05,4.54753078237651e-05,5.69457958070143e-06,0.171740168165076,0.828173993105189
4.40682161963964e-05,5.79882138078868e-05,1.29870732710281e-06,0.247601020750362,0.752295624112307
2.88503743030417e-05,3.76817580358205e-05,3.96597171293733e-06,0.13547227768169,0.864457224214259
5.40934834443072e-05,7.13195345080622e-05,1.79273828037101e-07,0.39470752430843,0.605166883399789
3.41587114699621e-05,4.44557363971006e-05,6.82921773728478e-07,0.163484935222241,0.836435767408118
4.78729006031043e-05,6.28540469078245e-05,1.0050891595673e-07,0.299446680866425,0.700442491677148
2.55947804295755e-05,3.32045677624676e-05,4.19578207673665e-06,0.104712673771085,0.895224331098646
5.14486765961411e-05,6.79069596239265e-05,8.96485447538944e-08,0.329569161769754,0.670311392945481
5.93097118335803e-05,7.90325558598616e-05,1.19002307877248e-07,0.421910007167413,0.577951531562586
5.21272914815228e-05,6.77197650314788e-05,0.000583776362124834,0.387513415248888,0.611782961332474
4.33100023319275e-05,5.6528510453149e-05,1.20555487491409e-07,0.246953789429277,0.752946251502451
5.17090872744238e-05,6.76767636169866e-05,0.000114995598291019,0.365218333853575,0.634547284697242
3.94327135238274e-05,5.12316058065895e-05,2.00995907233553e-07,0.198715768285905,0.801193366398857
4.66927931658767e-05,6.06619836139397e-05,7.88734952613437e-05,0.286514708216185,0.713299063511774
5.55766939142746e-05,7.23780870067527e-05,0.00178176255749679,0.520622534240288,0.477467748421294
6.13265522635969e-05,8.16346549230212e-05,1.42863068003515e-05,0.365104134176963,0.63473861830905
6.7533969712382e-05,9.02207904795142e-05,2.47526033781512e-05,0.403221543130743,0.596595949505687
6.12989798480889e-05,8.18325824996357e-05,5.28299660658967e-06,0.409326988557324,0.590524596883722
5.67199638676887e-05,7.52981434573264e-05,9.02623585769788e-06,0.336671832041622,0.663187123615196
6.36109479919824e-05,8.46443858217295e-05,2.26736792449182e-05,0.359676786542965,0.640152284443976
6.42795500918947e-05,8.51168967837158e-05,3.59320492752709e-05,0.316616064074842,0.683198607429007
6.64276061792351e-05,8.90100363076421e-05,1.57576440640455e-05,0.433006296263079,0.56682250845037
6.12456854324825e-05,8.23069647063143e-05,6.47658130910617e-08,0.53181959362528,0.468036788958768
6.78485909848497e-05,9.1807646972655e-05,1.0102180090889e-05,0.521879857425909,0.477950384156043
6.34570931002373e-05,8.79536571526164e-05,6.5205385357007e-06,0.678413297017269,0.321428771693943
6.76077474001331e-05,9.24580169074945e-05,1.0041367111935e-05,0.598696857414905,0.401133035453675
6.08025198235655e-05,8.29138110115562e-05,4.91821820728021e-08,0.624333669675993,0.37552256481099
7.15170378674258e-05,9.69587515805811e-05,2.26074361692059e-05,0.534288813804671,0.465520102969712
6.46919352442741e-05,8.77005893070469e-05,4.43798316841136e-07,0.553433947534519,0.446413216142613
6.37051087282196e-05,8.74205507795877e-05,1.16934092899046e-06,0.63242574338685,0.367421961612714
5.07393141830203e-05,7.14413688327104e-05,3.93699185293625e-08,0.769734195886248,0.230143584060818
6.75330843109651e-05,9.30678482217628e-05,1.47977324417971e-05,0.644557164670361,0.355267436664665
7.05414479753788e-05,9.55673011628107e-05,1.90838676398042e-05,0.528730999568658,0.471083807814564
5.80013120441204e-05,8.02598258694566e-05,5.85447893748303e-08,0.695298567743113,0.304563112574184
7.02219821214534e-05,9.59544928588934e-05,1.95789739888735e-05,0.590600660043576,0.409213584507455
5.99727681161237e-05,8.46517606094869e-05,1.53910218127622e-05,0.753850969657273,0.245989014792189
5.04120478368516e-05,6.82043352202379e-05,0.000861953703045611,0.724894357779922,0.274125072133976
6.20237333682973e-05,8.68554849365108e-05,1.25291753719198e-05,0.722873349861057,0.276965241745267
5.55078963064693e-05,7.59850654105563e-05,1.83200938649674e-07,0.690431528258286,0.309436795579058
5.70264881778905e-05,7.6420721845502e-05,0.000324510622198653,0.616981350157563,0.382560692010215
6.35169465507068e-05,8.41802155839583e-05,3.23756936660278e-05,0.321857484797383,0.677962442346817
7.00836904391336e-05,9.4074542730992e-05,2.60502201854617e-05,0.448440724784493,0.551369066762151
6.23455348028482e-05,8.36074959510817e-05,2.39948602833241e-07,0.47494286873002,0.524910938290623
5.84532634765008e-05,7.76649731000942e-05,1.6446801199857e-05,0.480528953931312,0.519318481030912
6.49651917620795e-05,9.04647103597539e-05,1.66692106875355e-05,0.698391509100314,0.301436391786877
5.28551466080077e-05,7.59124028733396e-05,1.09427434261598e-05,0.807250433194873,0.19260985651222
5.1361542574378e-05,6.57982007217262e-05,0.00631288695933514,0.677792438486038,0.315777514811331
6.01732926991551e-05,7.93384911641253e-05,3.76076712266904e-05,0.2707097447616,0.72911313578331
6.72837256892272e-05,8.95683434952541e-05,3.20262143995688e-05,0.369258685554177,0.630552436162239
5.62725634830924e-05,7.40982900998892e-05,0.0003794222995117,0.473301547108693,0.526188659738212
5.71555317143029e-05,7.56689137986535e-05,0.000611604762264708,0.554358461618072,0.44489710917415
5.39974602106627e-05,7.74820772974621e-05,1.40430654636136e-05,0.805703103187724,0.194151374209304
3.48752981075147e-05,5.34595266025517e-05,5.1398312210868e-06,0.917671055849843,0.0822354694942256
5.52041217620736e-05,7.8159598189736e-05,4.13264498435894e-06,0.766276039235303,0.233586464399761
5.27947080628583e-05,6.98794422422196e-05,0.00211708175726513,0.675008413796385,0.322751830296045
4.41253335425595e-05,5.70333486123042e-05,0.00633959295364033,0.77074025110692,0.222818997257284
5.48504762786751e-05,7.14449202559534e-05,0.00281445560393192,0.599377136552414,0.39768211244712
5.3337962422481e-05,6.68480035208754e-05,0.00875816275834137,0.617049999111688,0.374071652164028
4.89256268930229e-05,6.99713133987282e-05,2.64224746003824e-07,0.80289362126754,0.196987217567422
4.16992289812669e-05,6.10574802724045e-05,1.92928384529235e-07,0.85345516328477,0.146441887077592
5.85862182975445e-05,8.17788589895416e-05,1.35276482826344e-06,0.718088687330821,0.281769594827064
3.41874664288164e-05,4.82205902900642e-05,0.00051222961312494,0.85810638025341,0.141298982076747
4.41620338016644e-05,4.6554514795332e-05,0.0378362133010337,0.778662466877523,0.183410603272847
5.32426470486616e-05,6.83369996598203e-05,0.00234950210067804,0.441359258964228,0.556169659288385
4.91115133438749e-05,7.08934315601059e-05,5.37837171981853e-06,0.820255795216839,0.179618821466537
4.16053494703562e-05,5.98502438336423e-05,2.86965012298267e-08,0.833646237324455,0.16625227838574
4.272618915418e-05,6.33345746032731e-05,8.07634248993291e-06,0.872454860518916,0.127431002374837
2.50380097779229e-05,3.85948853590454e-05,1.11129991409728e-08,0.921895428656071,0.0780409273357931
4.53511681419424e-05,6.31802247967206e-05,0.00012751507742635,0.789293273983826,0.210470679545809
4.12563181687066e-05,5.57866625270651e-05,0.00226293602672159,0.804549980701947,0.193090040290635
2.67691974501357e-05,3.16526384350897e-05,0.0142512500134977,0.887469286977045,0.0982210411735723
4.81650166623581e-05,5.01376334265052e-05,0.0429932386607584,0.743308872443053,0.2135995862461
4.57281430053594e-05,5.51843118812791e-05,0.0161379995353645,0.753042342879428,0.230718745130321
3.75492419410098e-05,4.4647935016387e-05,0.0168998566662548,0.823555549758252,0.159462396398536
3.32658226475868e-05,2.8499778217937e-05,0.052502354185161,0.856588393272848,0.0908474869411249
4.17082420842944e-05,6.22092237666477e-05,9.35323352152604e-06,0.883673856819614,0.116212872481013
3.23375937675859e-05,4.74935116557401e-05,1.43415207376576e-08,0.88033154870518,0.119588605847876
2.12247125088395e-05,3.119236054446e-05,1.46960013488521e-07,0.923283017508211,0.0766644184587222
2.76272516924888e-05,3.72415228967327e-05,0.00358944967082867,0.886447422016635,0.109898259537947
1.60390035145108e-05,2.07950987085384e-05,0.00489463916784815,0.938069613512067,0.0569989132178624
1.03062821005395e-05,1.78735082746336e-05,1.53571490933338e-09,0.97366340502018,0.0263084136537303
1.91762007164833e-05,1.4723846662091e-05,0.0370701010796732,0.921305117385522,0.0415908814874259
4.93772886369842e-05,5.82178792185002e-05,0.0202954083850427,0.705756331563468,0.273840664883634
5.42532609090773e-05,6.91401387164617e-05,0.00442035038669361,0.514008108630815,0.481448147582866
3.55482895691848e-05,4.5922041888269e-05,0.0069088287647108,0.837471743229982,0.155537957673849
7.85702979808809e-06,1.21183265066926e-05,2.96782056324502e-09,0.973552680651515,0.0264273410243592
8.76526407648759e-06,8.16011015752682e-06,0.0122923904355038,0.965224292399449,0.0224663917908137
1.41051986675591e-05,3.38321533776627e-06,0.062485846078322,0.932586173641686,0.00491049186598691
2.02903954788468e-05,3.35010612085312e-05,2.01772726209039e-08,0.964422919498274,0.0355232688677663
7.71558648792025e-06,1.24911423813793e-05,0.00434530143541088,0.995634476129741,1.57059792444607e-08
2.65250007152492e-05,2.57047366004708e-05,0.0317316115679034,0.889519639486347,0.0786965192084336
3.59417609842231e-05,7.1667337018491e-06,0.152056698245456,0.824806073998904,0.0230941192609535
1.82923927774006e-05,3.01496375289118e-05,3.03686573980153e-08,0.957618474829233,0.0423330527718036
3.13320160671037e-05,4.82104555361526e-05,2.38904596983679e-06,0.915983300601015,0.0839347678814116
1.13889754008979e-05,2.02136101693564e-05,5.54387247874527e-09,0.987031644993554,0.0129367468770034
1.54671263676605e-05,2.62291024121705e-05,6.24552904758113e-08,0.990282124199499,0.0096761171164313
1.26766143577336e-05,2.15603767695004e-05,0.000780451681866093,0.993381022965298,0.0058042883617083
1.81994338984915e-05,3.05619100259529e-05,1.10937461677908e-08,0.97975463599723,0.0201965915650995
3.93842947380199e-06,8.02075243890065e-06,2.52205378881887e-09,0.998592620452589,0.00139541784344498
7.10420548929304e-06,4.53633067799581e-06,0.027232674033321,0.972755684353226,1.07728533787314e-09
2.94048970633843e-05,1.49153201547888e-05,0.0857475209321406,0.872018753717494,0.0421894051331469
3.95698202087337e-05,5.89151288796555e-05,4.21062143409456e-06,0.877814494048254,0.122082810381223
2.91073020844893e-05,4.576510115617e-05,5.55812465101301e-07,0.938459013562093,0.0614655582222012
2.04363528303144e-05,8.32205147799111e-06,0.069491429346987,0.909843353929358,0.0206364583193468
2.77853823160075e-05,1.79026243301638e-06,0.134377654825277,0.858300274774626,0.00729249475534747
4.1356372677531e-05,1.9162504110128e-05,0.1317049051313,0.81066311789617,0.0575714580957422
2.49340900038465e-05,1.41821372290039e-07,0.136430258797573,0.863544641766167,2.35248836730676e-08
4.60848807845833e-05,2.71812715133234e-07,0.309699873633915,0.687485335280137,0.00276843439244791
2.20537191413364e-05,8.75365261299904e-07,0.113590556831532,0.885353284805577,0.00103322927848816
3.92567732168716e-05,1.71638941863724e-07,0.215371320752557,0.777095023165332,0.00749422766995243
1.30610757111447e-05,2.60457331798457e-06,0.0628345128755511,0.937141055839416,8.76563600366284e-06
1.54232881510783e-05,4.08319614803442e-06,0.0635063714301175,0.936474094625033,2.74605508099615e-08
3.39672878204646e-05,8.2973443856176e-08,0.201454181321883,0.797303922582569,0.00120784583428397
5.08288032191198e-05,1.12415726826931e-06,0.289514794016285,0.697379307903398,0.0130539451198298
4.18504032546708e-05,0.000174359290362758,0.305541274054031,0.694018968065005,0.000223548187346715
2.52884865362539e-05,2.41219197444149e-07,0.133342059644292,0.866630362482179,2.0481677947854e-06
1.81158788191945e-05,1.82395535451675e-06,0.0881020547476438,0.911877998646596,6.771586697586e-09
2.16012311646118e-05,3.33877918653543e-07,0.1066804054615,0.89329762251532,3.69140969941998e-08
2.87318078477849e-05,2.08335258438858e-07,0.167894365319665,0.832076661372855,3.31643739150627e-08
3.42109518629232e-05,2.21335751516474e-05,0.221362292921792,0.778581298705181,6.38460122043292e-08
4.65815730835102e-05,1.41616455062805e-07,0.273477118066676,0.718119085513972,0.00835707322981397
5.40270430956514e-05,9.78829827714248e-08,0.393623914472438,0.603254905768574,0.00306705483290991
4.41615483574445e-05,4.79476251719242e-06,0.21477663818377,0.765220430777723,0.019953974727632
4.87557716091625e-05,1.00835863758039e-05,0.224072308661808,0.744418627904202,0.0314502240760059
1.19717497722856e-05,1.14570367077225e-05,0.0231227466837492,0.97685380644261,1.8087160808947e-08
5.04472801899078e-05,1.22825484192371e-05,0.229708541273455,0.735709336796754,0.0345193921011816
5.38424967121228e-05,5.04144723396813e-06,0.302798982558352,0.680272442958972,0.0168696905387298
5.64818954553735e-05,2.4701674087116e-07,0.377879088515111,0.615096784210122,0.00696739836257122
6.04869411371002e-05,8.59411269000159e-08,0.5448608353512,0.454529509146218,0.000549082620317726
5.84295432979276e-05,9.84473308166607e-08,0.45969604847374,0.538051601608022,0.00219382192760931
5.17570016339405e-05,0.000743783697274127,0.530155471883109,0.468985831882575,6.31555354081295e-05
6.31000955520421e-05,2.13350309150129e-06,0.498990377308742,0.498885478040806,0.00205891105180869
5.65618555285032e-05,7.70115942419319e-05,0.514103935993271,0.48530732166739,0.000455168889568693
6.08133322835012e-05,4.2095769017485e-07,0.452573572513334,0.54377398602168,0.00359120717501305
5.34535854378661e-05,0.000361927848101302,0.660192906701343,0.339391636283753,7.55813652440473e-08
5.70359216055896e-05,0.000101266549626037,0.590227298539542,0.409533305597554,8.1093391672457e-05
6.19445186337339e-05,9.10795167426867e-08,0.670503935471568,0.329433947083047,8.18472351763347e-08
1.383584620947e-05,7.88621133206244e-06,0.0420713871909644,0.957906805957215,8.47942790075131e-08
1.02573344599984e-05,1.15897306095222e-05,0.0164652381676587,0.983512912295419,2.47185316136938e-09
4.62938389359753e-05,1.89023596242359e-05,0.165215870779303,0.777562314572584,0.0571566184495524
2.9235143837985e-05,3.65019610062908e-05,5.50846663083958e-05,4.1098786472579e-08,0.999879137130061
2.74889335721766e-05,3.44391581340022e-05,4.99305703521336e-05,0.00221758775255763,0.997670553585384
2.28576149620024e-05,2.89219351242328e-05,3.66720941612954e-05,0.0176735993056627,0.98223794905009
1.49882506524583e-05,1.86816646088801e-05,2.62531687146674e-05,0.00111150399108512,0.998828572924939
3.60680354603768e-05,4.66209955563555e-05,4.27327505239102e-07,0.151558395424815,0.848358488216663
4.21427896655227e-05,5.4617360944271e-05,1.30161024337468e-07,0.216799209544417,0.783103900143949
3.53262608229612e-05,4.54853219151642e-05,1.62164412051638e-06,0.12628172917771,0.873635837595432
2.82750249230039e-05,3.58186308501843e-05,4.40670132622032e-05,0.0229691689170143,0.97692267041395
3.82123114441434e-05,3.98489182553329e-05,0.034858494525442,0.824083141195405,0.140980303049454
4.03416927127344e-05,3.52357070612805e-05,0.0615222054986899,0.817293040680914,0.121109176420622
4.54728729787363e-05,4.19248623180021e-05,0.0612963127440053,0.778906431798917,0.159709857721781
5.10112552597219e-05,6.59804369078221e-05,0.000737785701602654,0.366087805891093,0.633057416715137
5.05668021938894e-05,5.82053153314074e-05,0.0251401333195486,0.688547741223138,0.286203353339788
5.44537556707999e-05,7.0484945876791e-05,0.00179352847133847,0.471582716442858,0.526498816384256
5.09930119647187e-06,1.40131557818207e-06,0.0261381043189545,0.973855394122048,9.42222924722328e-10
4.06114716127568e-05,3.63630716516655e-06,0.262838910186254,0.735453950277368,0.00166289175760034
3.95812046306574e-05,0.00131042356499227,0.343746116351779,0.654901536083386,2.34279521208759e-06
4.97717220717668e-05,0.000370042158773217,0.419674798970191,0.579511116364705,0.000394270784258641
5.3695905913375e-05,0.000111846700668423,0.452639391087907,0.546379224643587,0.000815841661923557
5.03561343925404e-05,3.4883116185447e-05,0.370694448564333,0.627318920270929,0.0019013919141601
4.61721416511912e-05,0.0002250118780879,0.355135854810601,0.644094100800135,0.000498860369525724
4.34282635317256e-05,0.001681100431726,0.414784710955696,0.583490711012319,4.93367271548527e-08
4.62633912599284e-05,0.0020911430975539,0.497734112006941,0.500128423810841,5.76934045516449e-08
3.80021850666354e-05,0.00801318695068447,0.542931331796747,0.449014137304793,3.34176270907982e-06
3.86017518323657e-05,0.00638848357747936,0.66986971830691,0.323701542620965,1.65374281325049e-06
4.25589388160754e-05,0.00373377339495816,0.491052846311285,0.505170759932681,6.14222597675072e-08
4.05651750677653e-05,0.00392948395007405,0.449324046646106,0.546705700350403,2.03878349098104e-07
4.03989999588269e-05,0.00604986322250313,0.582123959670682,0.411785580737681,1.97369174970768e-07
2.6570656768887e-05,0.0207317066597018,0.673537472391446,0.305693119987424,1.11303046601544e-05
4.60662149629627e-05,0.00274884533813903,0.592891176509733,0.404313847486535,6.44506300970475e-08
4.64190118830695e-05,0.00211954756074988,0.662140889038265,0.335692998397569,1.45991532697134e-07
3.3126707429205e-05,0.00388019870895955,0.801359832465342,0.194720440897139,6.40122113021429e-06
3.85121302182201e-05,0.00419934835601688,0.730337441575771,0.26542133984349,3.35809450344591e-06
2.28092219201322e-05,0.0179295708048848,0.765477298620848,0.216559012947269,1.13084050772562e-05
4.66027552963135e-05,0.000585276965865659,0.756116946072077,0.243249342391992,1.8318147687276e-06
3.38693626907881e-05,0.0114308837503364,0.652801866203212,0.33572872020122,4.66048254070758e-06
5.58708279759939e-05,1.74076330191381e-07,0.720475095852742,0.279468678670196,1.80572755413434e-07
3.84420349275256e-05,1.24572349077259e-08,0.896068454899827,0.103879954702883,1.3135905127509e-05
6.01054742552761e-05,1.06710755747305e-06,0.768908926783477,0.231026795898779,3.10473593089808e-06
5.0220763795294e-05,3.5599974131491e-08,0.81814315101327,0.181798651506492,7.94111646843202e-06
5.98217905197738e-05,5.65626527855254e-08,0.727332367942232,0.27260751192651,2.41778085205303e-07
6.42496281244098e-05,5.23694240680685e-06,0.7132883397119,0.28664197853538,1.95182188400578e-07
6.32932367251283e-05,3.2568049247477e-06,0.708878467473262,0.291054880644866,1.01840222583625e-07
3.91225858074853e-05,0.000330600254258342,0.83866801929091,0.160954548508377,7.70936064696711e-06
1.66171414191087e-05,0.00283243875475481,0.921766869582415,0.0753771870782083,6.88744320244537e-06
2.7656568985346e-05,0.00218983141178341,0.867720409164532,0.130054046413566,8.05644113310985e-06
1.86662676923122e-05,0.0131144777231246,0.845626303670848,0.141229553555291,1.09987830440234e-05
2.7392157680874e-05,8.38831116032361e-05,0.913746195132928,0.0861328070071292,9.72259065859136e-06
1.4823366860689e-05,2.8885632406633e-09,0.971022788037297,0.0289556479243918,6.73778288724361e-06
2.93039660334001e-05,1.14473392704131e-08,0.948729743263978,0.0512261464758456,1.47948468040184e-05
3.30221317012181e-07,0.0726224518145675,0.83033358306002,0.0970118747833628,3.17601207324832e-05
7.35086908405509e-06,0.00205399295177528,0.966804728456074,0.0311305718534511,3.35586961565016e-06
5.75631045823557e-06,0.0221176507892041,0.909685129237979,0.0681788313030566,1.26323593024848e-05
8.83402200777816e-07,0.0200302808860071,0.956746745491589,0.0232123813921572,9.70882804630548e-06
2.31797659443203e-07,0.062507246395071,0.89272313131534,0.0447415532959484,2.78371959807454e-05
2.48090918988504e-07,0.0523968619268313,0.946600831509861,0.000968895615154627,3.31628572343917e-05
1.5739228970037e-07,0.0257514443009266,0.971158484551739,0.00307492761112378,1.49861439203856e-05
1.94675785460913e-07,0.070417670625095,0.916108801775033,0.0134400358568582,3.32970672284395e-05
9.06981678470797e-07,0.0133094670330272,0.986661916043625,8.34477612119927e-09,2.77015968929571e-05
3.94252289614071e-07,0.010570342918783,0.989415417391891,1.30543512309843e-09,1.38441316009201e-05
1.21288251706183e-05,0.000658937287946142,0.997051598048094,0.00225975619625944,1.75796425296407e-05
4.56989084385957e-05,3.84857832333509e-06,0.928185990198325,0.0717402476656649,2.42146492485528e-05
9.85374946458424e-06,0.0348587492027737,0.82471314898184,0.140399281629319,1.89664366019108e-05
0.000147238424712245,0.184729455332521,0.792144724583443,0.0229134622374867,6.51194218371066e-05
2.08127318753855e-05,7.00092268884558e-09,0.981002769386137,0.0189610313199088,1.5379561156038e-05
2.90540360597018e-05,2.16386908156878e-08,0.992724399489282,0.00721206878878181,3.44560471859126e-05
3.50960929257241e-05,6.00477954865597e-08,0.967912476716994,0.0320264401789435,2.59269633416349e-05
2.27625470010931e-05,1.31973749150467e-08,0.991761925047651,0.00819018345912774,2.51157488447584e-05
1.49223262956463e-05,0.00302531592091091,0.996918710546731,1.7219031661321e-07,4.08790157458454e-05
2.07754961461364e-05,0.000551716474387427,0.997338879328321,0.00205444787876794,3.41808223778693e-05
2.47519836417551e-05,0.000392789894138069,0.99889779858427,0.000639312736215488,4.53468017347165e-05
7.99289683398175e-06,9.846178794494e-10,0.995670229800257,0.00431547578922244,6.30052906839232e-06
3.97417582458473e-05,1.38234142444056e-07,0.92598110799594,0.0739602129027798,1.87991088916921e-05
5.04396319383531e-05,3.46897132211092e-07,0.873821772283395,0.126111474342702,1.5966844832785e-05
1.43788522569492e-05,0.0376475278926813,0.756175496332037,0.206143003437386,1.95934856383208e-05
3.22559742180109e-06,0.0444630881054615,0.868795509863697,0.0867164152607276,2.1761172691708e-05
2.00009437324366e-05,0.115014613111344,0.857538359654361,0.0273805563147561,4.64699758070591e-05
0.00056741336718604,0.159236643566318,0.838122840033461,0.00200218369742673,7.09193356083031e-05
3.33820551951485e-07,0.134994920985504,0.810930432440301,0.0540241390506921,5.01737029509613e-05
9.96405400404576e-05,0.10351920048706,0.892702699892637,0.00362760001644331,5.08590638192097e-05
1.83439089771669e-07,0.0924116472794244,0.849773779362814,0.0577764021945164,3.7987724155998e-05
6.06747661246922e-07,0.113529010715054,0.7643595424164,0.122067468767329,4.33713535563362e-05
3.92896306073398e-05,0.213604493709435,0.750140162341158,0.0361474894093064,6.85649094925607e-05
0.000242122394038196,0.155822993932075,0.833480771500556,0.0103914667218078,6.26454515228688e-05
0.000149928889660024,0.0917897076355386,0.907993423530964,3.28583347246333e-08,6.6907085502877e-05
1.0710265654892e-07,0.356997649786012,0.626024547114563,0.0168877516791589,8.99443176092003e-05
0.00228051722405248,0.299729046223634,0.694334427699842,0.0035635874889312,9.24213635402976e-05
7.5407724120648e-05,0.0836127495568708,0.916168924535991,8.97484602063722e-05,5.31697228110245e-05
0.00105092493269651,0.220464519520475,0.774061480080713,0.0043424164231866,8.06590429288989e-05
0.00069321422610505,0.286775935354951,0.700031198997725,0.0124145155371123,8.51358841067985e-05
0.000445291300792528,0.130511989283282,0.868927538906236,4.39648585446885e-05,7.12156511444151e-05
2.02686747265439e-07,0.0445026788327595,0.955448802643882,3.20615832150923e-08,4.82837750286133e-05
0.00010193158029979,0.303994900530567,0.673497133632667,0.0223222902181454,8.37440383208923e-05
0.00433926667325684,0.274681874706957,0.720877790726783,9.11785492389146e-07,0.000100156107511049
0.000927304042219049,0.251209641426356,0.739079544616354,0.00870110042845746,8.24094866139176e-05
0.00128126168978894,0.160060573073076,0.838565512517878,6.56174002466238e-07,9.19965452542815e-05
1.17210414550919e-06,0.0521067015464767,0.947850120034115,1.50237388258819e-08,4.19912915244927e-05
0.000304049278300529,0.419209835033089,0.572245268300442,0.00814399342876385,9.68539594046708e-05
0.000245885727464442,0.271484910579222,0.70660600905631,0.0215829852689414,8.02093680625882e-05
0.000716815331875666,0.355594184476243,0.632915496074475,0.010681222851105,9.22812663015206e-05
0.00223095418154181,0.364995302663639,0.628040332436698,0.00463675807430637,9.66526438153425e-05
0.00164673910395069,0.199179345871923,0.798947981396381,0.000138547936451626,8.73856912942888e-05
0.00277647216540547,0.267661448505521,0.728531290329892,0.000937636333908267,9.31526652736017e-05
0.000645429080558664,0.133627708517331,0.865646065284704,5.71510103387977e-08,8.07399663964156e-05
0.00152540111874637,0.179907639505599,0.8184768241137,6.34730805782638e-08,9.00717888742021e-05
0.000137995594242023,0.0866562064450485,0.913113550136237,1.0961992162953e-05,8.12858323091791e-05
0.0045819612611572,0.24809348389021,0.747215410357979,4.1068810491066e-06,0.000105037609605141
0.000225487249993245,0.0991301405315728,0.900566014079029,8.07240639235064e-07,7.75508987654421e-05
0.00265382542678345,0.205216564444451,0.792031114428811,3.53357156570614e-07,9.81423427980428e-05
0.00257809187116478,0.196551687441579,0.800758447163573,9.6796329965298e-06,0.000102093890685692
8.12599798669402e-06,0.0542677502343157,0.945650986953123,7.16704378134743e-06,6.59697707935307e-05
0.0022190068083449,0.465234220282801,0.529656805371113,0.00278872591808282,0.000101241619658322
0.0100968021129252,0.431508463081554,0.5581416136689,0.000146579188554498,0.000106541948066194
0.00136837449109038,0.208009866627037,0.789221556863332,0.00131697614794044,8.32258705997595e-05
0.00145649721474354,0.161198688875667,0.837229814453152,1.55511807050266e-05,9.94482757320957e-05
0.00170715234020091,0.402269240048128,0.590544101850933,0.00538162424822501,9.78815125138473e-05
0.00403928197052692,0.438251180058173,0.555692271174922,0.00191521681287765,0.000102049983500953
0.00767847631165075,0.575312010380168,0.416763241519032,0.000145207893564735,0.000101063895584146
0.00496609118573453,0.383917802182651,0.609769742506968,0.0012447211733937,0.000101642951252425
0.0048530970558837,0.509164734222223,0.484993398772003,0.000886008348484036,0.000102761601406633
0.00168946203688752,0.588863084088766,0.40880818290739,0.000538855515997164,0.00010041545095941
0.0106153121553155,0.510218098311868,0.4789265053845,0.000135421202194208,0.000104662946122843
0.00383327207485404,0.56396495660352,0.43162995113269,0.000470292740928686,0.000101527448006624
0.00507444214175555,0.683675351857173,0.311157642677669,4.66384583989578e-07,9.20969388184461e-05
0.0064138587881491,0.344880848577522,0.648388069207858,0.000213849190960007,0.000103374235510869
0.00712116295531339,0.447976387898029,0.544164871515372,0.000633236375445108,0.000104341255840311
0.0291130648149195,0.657890384153777,0.312899254745542,3.2295241885004e-06,9.40667615729428e-05
0.00417066103393622,0.331444183463564,0.663076415805439,0.0012098512772153,9.88884198464107e-05
0.0163824720574253,0.408465225343251,0.575040447734126,3.40957739216184e-07,0.000111513907458839
0.0260644845473627,0.535315197140901,0.438513354034289,4.06495442897282e-07,0.000106557782004538
0.0161659275220614,0.59707291737061,0.386660687870922,2.43971645613753e-07,0.000100223264760981
0.0115387972444557,0.397908264005368,0.590444196721294,1.73977656868884e-07,0.00010856805122448
0.016959290613552,0.467514651353807,0.515417331324081,1.72167690642629e-07,0.000108554540868718
0.00874788530870489,0.331790374323635,0.659353472048544,1.34123491682519e-07,0.000108134195624295
0.0168932209508139,0.517645839215903,0.46535465734664,2.85013154834962e-07,0.000105997473488319
0.0249689700060986,0.4815966751279,0.493323174744007,8.63939577351169e-07,0.0001103161824168
0.0463133798198796,0.567933421967085,0.38563386060261,1.35613745647435e-05,0.000105776235861505
0.0251753114317728,0.449279855840966,0.52542528858421,6.94564556991141e-06,0.000112598497480924
0.0109239428036174,0.654444542782095,0.334536858473227,2.53178176285955e-07,9.44027628846183e-05
0.0254905671466166,0.590732925802373,0.383674505350063,3.93582837066098e-07,0.000101608118110004
0.0453558164573729,0.628581780936824,0.32595109768158,1.24797268849951e-05,9.88251973379832e-05
0.0117855429046661,0.345096308237502,0.643001273526207,4.57789768778346e-06,0.000112297433936514
0.00529754570911078,0.274985610711757,0.719612154288039,8.65687449032593e-08,0.000104602722348102
0.0318701702562881,0.476735816613353,0.49127032367648,1.14000204039704e-05,0.000112289433474339
0.0399354511855274,0.516549614311578,0.443392224460176,1.28113888928432e-05,0.000109898653825646
0.011561438997477,0.796323136685333,0.192036528565629,8.45175254573736e-06,7.04439990150998e-05
0.0836909706478901,0.648432605574033,0.26774472630821,3.38920531945451e-05,9.78054166732382e-05
0.00812080024984051,0.29543820120879,0.696319235666076,1.01873339472907e-05,0.000111575541346056
0.0177315489732842,0.39490257119013,0.587245438445791,6.86250031773366e-06,0.000113578890477293
0.00963205014241209,0.729181285314476,0.26110208413831,4.23134769688284e-07,8.41572700323214e-05
0.0588681239398643,0.758856348372081,0.182169352647832,2.90090923680382e-05,7.71659478548483e-05
0.116852015236476,0.641411147494129,0.241589274271821,4.80754504212297e-05,9.94875471532957e-05
0.0118016512873744,0.337364002757071,0.650712667821267,8.70298436837407e-06,0.000112975149919664
0.00750670066620884,0.288024544724689,0.704350746945042,7.84203149429452e-06,0.000110165632565908
0.00142878142047766,0.800519490737788,0.197971178677361,5.40953656331104e-06,7.51396278105409e-05
0.022403515296609,0.735124975215285,0.242382987050748,6.82861827074369e-06,8.1693819087693e-05
0.0639415503580084,0.69245259126307,0.243489360482415,2.63278137467372e-05,9.01700827601999e-05
0.0412976256131318,0.715522012238564,0.243079906150181,1.51393607707407e-05,8.53166373516072e-05
0.119878131616457,0.730330075995232,0.149650202124468,5.63976270430824e-05,8.51926368001618e-05
0.0337166182768865,0.782326300309186,0.1838677866044,1.7744406187616e-05,7.15504033393187e-05
0.043299949686937,0.876242355098053,0.0803830779955113,2.86141159738227e-05,4.60031035246567e-05
0.0459197590282974,0.822009305729292,0.131982217330326,2.71985539354624e-05,6.15193581493007e-05
0.0163465457356412,0.866960805687434,0.116627074693417,1.58811769629926e-05,4.96927065449063e-05
0.0889274680607443,0.810814059772007,0.100142279586048,4.95219822288996e-05,6.66705989713479e-05
0.00456151904645088,0.239664090470027,0.755657050428848,1.02670019095275e-05,0.000107073052765133
0.00506075772438466,0.782123839229325,0.212735459300995,3.90273072581232e-06,7.60410145690549e-05
0.00257827547452588,0.739501899002981,0.257834198837638,2.9581913659041e-07,8.53308657186732e-05
0.00221513230782176,0.886010653740961,0.111707016901209,1.64290799240647e-05,5.07679700850972e-05
0.00147844516098002,0.671612169270004,0.326761826662657,5.2867599184814e-05,9.4691307174043e-05
4.01023146682814e-08,0.740056161932122,0.259854676104462,3.69963204814058e-07,8.87518978962259e-05
0.00510998358176296,0.837056408882451,0.157759850277544,1.1068032997416e-05,6.26892252443831e-05
0.000866475606874093,0.762205108702345,0.236844519735155,5.52696738578858e-07,8.33432588873322e-05
9.24223821159437e-05,0.821954842499779,0.177869840000109,8.86189165710608e-06,7.40332263389674e-05
0.00699677119376597,0.876700628555344,0.116238395725526,1.45215538440269e-05,4.96829715199141e-05
0.000962904217710365,0.955198174611766,0.0438006328655815,1.42721262200812e-05,2.40161787219646e-05
0.00750041756393061,0.922190488744438,0.0702625559374812,1.37940437242605e-05,3.27437104263051e-05
0.00255089351249963,0.918926099943524,0.078469297622518,1.60194250169432e-05,3.76894964417291e-05
1.6079543388252e-08,0.937689437144468,0.0622448912292839,2.58896591616938e-05,3.97658875428885e-05
0.00389228785584739,0.967481975619031,0.0286045144642367,7.10208867590941e-06,1.41199722090289e-05
0.0208199365520956,0.904226064230699,0.0748994333155451,1.77529762703341e-05,3.68129253902719e-05
1.23349741818314e-09,0.988992796041371,0.0109858363636363,1.12766613570679e-05,1.00897001380843e-05
0.0269336881681611,0.944085870634755,0.0289368267113838,2.02791563571518e-05,2.33353293424438e-05
0.0187844564384545,0.67690351879632,0.304220300329121,4.44840194833262e-07,9.12795959096538e-05
1.08531832661723e-07,0.572339280202144,0.426181934856847,0.00137743252626489,0.000101243882911751
0.00039983255755623,0.866525114706406,0.132996885576374,1.68350666318216e-05,6.13320930324475e-05
1.02864196487573e-08,0.972289978935319,0.0276614330527876,2.39406277489077e-05,2.46370977247106e-05
0.00207334567897992,0.997870718727591,8.55723634643009e-09,3.65944576643025e-05,1.93325785288896e-05
0.000353244575315517,0.558919866219842,0.439127192683583,0.00149831981201935,0.000101376709240479
6.08236755906546e-05,0.769254456564838,0.230600271527161,4.51747601270275e-07,8.39964848091824e-05
0.000151747260202499,0.700772066468947,0.298972656093305,1.05677605412203e-05,9.29624170042605e-05
0.00186018637029572,0.842320642330371,0.155742722760399,1.18781876053109e-05,6.45703513291989e-05
7.72343759534745e-08,0.867967072463765,0.131947530508968,1.97980039082922e-05,6.5521788983192e-05
0.000405694259747164,0.90377099238927,0.0957523705421118,2.14240768381113e-05,4.95187320323283e-05
3.97456469075673e-08,0.913866028659904,0.0860561480502852,2.70132122144936e-05,5.07703319496622e-05
2.75194700473648e-06,0.952651124873956,0.0472663060437956,3.74221458803688e-05,4.23949893629083e-05
0.000162967439014758,0.950454004793908,0.0493309823306296,2.10877370390573e-05,3.0957699408114e-05
1.05198839885159e-08,0.996323696683993,0.00362398952417544,3.24222954371565e-05,1.98809765099242e-05
6.96344288745468e-09,0.999974783783609,1.7733324901243e-08,1.69363000413634e-05,8.25521958154854e-06
0.0013723209436219,0.51798234116994,0.478550496279753,0.00199315225850983,0.000101689348175656
0.000152198633895307,0.471869396831192,0.522807226348821,0.00507134075381835,9.9837432272748e-05
0.000756165401245978,0.715962857727196,0.283190472711563,2.18002392715967e-07,9.02861576019295e-05
2.63354137044291e-08,0.962950998019425,0.0369843531549591,3.11535470056314e-05,3.34689431971057e-05
2.72894449802602e-06,0.981152764327029,0.0187752706466462,3.83048766371856e-05,3.09312051895477e-05
6.54226780186651e-09,0.990019281856358,0.009940764678167,2.30275338760918e-05,1.69193893314081e-05
9.6416754177499e-08,0.983789983911139,0.0161528415004446,3.17726492779151e-05,2.53055223841089e-05
2.43689931209791e-06,0.993951229096168,0.00597457564575973,4.32775075228671e-05,2.84808512368938e-05
4.70548721843077e-07,0.99283023626119,0.00710432140368105,3.8940190648471e-05,2.60315957582156e-05
1.13330666532276e-08,0.999103448338573,0.000827389248215401,4.37193454297031e-05,2.54317347156459e-05
4.21313090319834e-09,0.99939855316625,0.000557362422649333,2.85899455923899e-05,1.54902523770888e-05
0.000154274071061479,0.999780418318309,3.8778334623651e-08,4.2083976749742e-05,2.3184855545756e-05
0.000171842484585035,0.999744027182909,5.40656751256231e-08,5.37646756519127e-05,3.03115911786407e-05
0.00436315458872577,0.995541920218132,3.43538242566642e-06,5.83796132620177e-05,3.31101974546245e-05
2.04120728806155e-08,0.999923036858472,2.07532067901464e-08,4.92297154578223e-05,2.76922607907197e-05
0.0020181816801082,0.99790806593902,2.50598125085685e-08,4.75757131165131e-05,2.61516079422545e-05
0.00114266919429145,0.998773985785556,4.71053918665803e-08,5.33777335951573e-05,2.9920181166028e-05
0.0105611405628171,0.989353502457784,7.6874147282023e-08,5.44385856707054e-05,3.08415195806401e-05
0.000195901905272289,0.631810532742383,0.367541229901484,0.000353612739557803,9.87227113033923e-05
4.49741603070178e-06,0.986805477253804,0.0131167323012757,4.21714613494158e-05,3.11215675397141e-05
2.15372048004103e-07,0.996869059093882,0.0030603206824989,4.3472372217139e-05,2.6932479353386e-05
0.00165785402219611,0.998244664569188,3.84867873823754e-06,5.96579527053529e-05,3.39747771718953e-05
0.0033288641491273,0.996568131810325,5.44184190939871e-06,6.20498445534792e-05,3.55123540852017e-05
0.0129406071158626,0.986923457228415,1.12036150477844e-05,7.81442587238913e-05,4.65877819507028e-05
0.0101051809149487,0.98977277231352,8.33892248411379e-06,7.16197670630182e-05,4.20880819840205e-05
0.0208555189150395,0.978999035786592,9.41772764345491e-06,8.46848914186011e-05,5.13426793068345e-05
0.0191670156969466,0.980381258571626,0.000392462281082925,3.75419563630131e-05,2.17214939818532e-05
0.0339418303430072,0.965945202821764,4.7874125339236e-08,7.01109599548726e-05,4.28080011485075e-05
0.0187342745842511,0.981144458120106,3.93778460430655e-06,7.35364128250566e-05,4.37930982139926e-05
0.00536211995808775,0.994612860769678,1.24576208952453e-09,1.68389599198702e-05,8.17906655197352e-06
0.00705228568256828,0.992895742459875,6.94154856755499e-09,3.40158622266952e-05,1.79490537816333e-05
0.0273064053300288,0.966480800834477,0.00616543858770367,2.76796723033603e-05,1.96755754875636e-05
0.0457592643580152,0.954059138057757,7.49071321572034e-06,0.00010671187461682,6.73949963952087e-05
0.0985849308574536,0.870888633076082,0.0304024867518705,6.73711953260328e-05,5.65781192683862e-05
0.0475992729394043,0.95223696933025,1.39454145257883e-07,0.000100356540925073,6.32617352754212e-05
0.0208081724233322,0.979087267526742,4.86207815553842e-08,6.56802291414474e-05,3.88312000027922e-05
0.0344667885975085,0.965397659167288,5.23510508361847e-08,8.3880482783561e-05,5.16194013690591e-05
0.0190242872131622,0.980894525085125,1.92068663536383e-08,5.14273245908078e-05,2.97411702554717e-05
0.0311727153586217,0.968676929332319,4.90948322001977e-06,9.0002670101137e-05,5.54431557384473e-05
0.0408265834853254,0.959002225213486,6.18481728866533e-06,0.000101417606727286,6.35888771727327e-05
0.0590946185231145,0.940713935220756,4.52381683811496e-06,0.000113985801275319,7.29366380159592e-05
0.0683531626403496,0.931483445539763,6.324246613961e-08,9.92659111249045e-05,6.40626662965763e-05
0.103678715987201,0.896094092985227,1.85742765407076e-06,0.000135741536341882,8.95920635767183e-05
0.0843915795741545,0.915398783377475,5.10370038264428e-07,0.000126553050573277,8.2573627759517e-05
0.128476849493555,0.871288439514224,3.10901345527815e-07,0.000140471042899603,9.39290479761541e-05
0.107487027205314,0.892287325619404,1.07591819254156e-07,0.000135749365573985,8.97902178892563e-05
0.0945940035378696,0.905200113671127,5.99777633909783e-08,0.000124188661668808,8.1634151571261e-05
0.0684432687323957,0.927938550330475,0.00349509430005134,7.36218386738085e-05,4.94647984045905e-05
0.0550349679497704,0.921734298802895,0.0231523831087932,4.21277313101407e-05,3.62224072316227e-05
0.0567026420170718,0.934448723964005,0.00875710059143997,5.33577864929217e-05,3.81756409899578e-05
0.074357393939295,0.869989797533514,0.0555538789620458,4.77086542716426e-05,5.1220910873397e-05
0.0405184310112188,0.957447908694263,0.00194779767743406,5.23201574500568e-05,3.35424596336082e-05
0.101507924097484,0.885774294196481,0.0125766516775319,8.14804234067063e-05,5.96496050964499e-05
0.0689981625828651,0.930813138617136,8.69737156494129e-08,0.000114675229561514,7.39365967221764e-05
0.13422266593088,0.803981359904914,0.0616485183606691,7.4954757754037e-05,7.25010457827382e-05
0.131625216405415,0.865478765343913,0.0026968238695311,0.000118203355956827,8.09910251844195e-05
0.134371819842177,0.76729834489331,0.0981829795022218,6.80224782725903e-05,7.88332840182222e-05
0.245269505413838,0.698254350806719,0.0562734958108043,0.000107868717268375,9.47792513701264e-05
0.184291794199438,0.707795795720807,0.10774094159659,8.09633663348278e-05,9.050511683018e-05
0.181988928861393,0.748002581027187,0.0698348752606624,8.86383760755035e-05,8.49764746821153e-05
0.194916388011334,0.777533327822023,0.0273546151095003,0.000109569924710323,8.60991324327325e-05
0.267612309488898,0.654604266993536,0.0775806967596669,0.000104183797500084,9.85429603985511e-05
0.39167882495488,0.578049029382001,0.0300298914463671,0.000135182800431916,0.000107071416319797
0.423615946978289,0.53001033495122,0.0461440894615399,0.000124721195111675,0.000104907413839082
0.319982207526275,0.632184055488992,0.0476099495190685,0.000121474706973257,0.000102312758691226
0.336291601300464,0.592227448044861,0.0712664163410728,0.000111993580042945,0.000102540733558574
0.294795505122121,0.680157820861074,0.0248117067385966,0.000132462986185416,0.000102504292023085
0.397265694964404,0.559887265635786,0.0426141399349915,0.000127389337659882,0.000105510127158858
0.554925094236197,0.429304519386364,0.0155295312239525,0.000136518586993636,0.000104336566492642
0.469108665108603,0.505075570894093,0.0255727565607177,0.000136134813562941,0.000106872623023345
0.489110178088226,0.500100332615043,0.0105303575558569,0.000148494982163826,0.000110636758710543
0.532591812836735,0.442937713852785,0.0242346234466884,0.000131970275329122,0.000103879588462898
0.501542990870879,0.482460121670782,0.0157467305609083,0.000142108828864959,0.000108048068565672
0.630673126994275,0.363375005288191,0.005718210403401,0.000134217429817744,9.94398843154997e-05
0.576041912444204,0.413398140085193,0.0103173164167185,0.000138581345468407,0.000104049708415703
0.691906150321021,0.301135238507807,0.00674785027681133,0.000120481616681736,9.02792776789402e-05
0.105725066446328,0.889220749139215,0.00489056613388104,9.67872682685636e-05,6.68310123079524e-05
0.0793631664709688,0.919266401463036,0.0012158720074868,9.30813999793567e-05,6.14786585286434e-05
0.168340559807308,0.820618929821789,0.0108389224762473,0.000116945049441617,8.46428452133472e-05
0.0516873967193045,0.94765658019988,0.00053442352996888,7.42693488225791e-05,4.73302020242409e-05
0.101231825516477,0.89808810234978,0.000490102682703413,0.000114109222727106,7.58602283129265e-05
0.145768794773196,0.853441944080062,0.000559619177165131,0.000136870217847011,9.27717517292321e-05
0.144890395733261,0.819112457103474,0.0358362767862153,8.77418904913628e-05,7.31284865580984e-05
0.114861738901211,0.884761451405907,0.000164720749874159,0.00012723959090582,8.48493521020366e-05
0.189767973921126,0.808977197793732,0.00100333824246286,0.000148922245665081,0.000102567797013972
0.206145679102263,0.790054061129229,0.00355582755732899,0.000143692253907972,0.000100739957271334
0.164836714170297,0.834766077806423,0.000146785933827128,0.000149121329736481,0.000101300759717246
0.210401934360474,0.789322853113826,8.4982228598547e-08,0.000163145063963236,0.000111982479508548
0.153245833424384,0.846502666199152,8.85498634552932e-08,0.000150108095451643,0.00010130373114812
0.190900191812512,0.808820891149352,1.22781528999906e-05,0.00015839951367143,0.000108239371564748
0.285311486417893,0.713150819111253,0.00125637556883645,0.000165218252883583,0.000116100649134176
0.23720708041516,0.760743655657902,0.00178335044772611,0.000156531112986647,0.000109382366225308
0.249351522143703,0.750249274003589,0.000116651472117489,0.000166831679609615,0.000115720700980782
0.301188593581531,0.691059143055887,0.00748906789762773,0.000152730051240214,0.000110465413714655
0.256555246129899,0.738624523198752,0.00456015902573702,0.000152059501399847,0.000108012144212638
0.23556990633315,0.7528709590793,0.0113237968214121,0.000136032097257412,9.93056688803742e-05
0.164346769276577,0.83327594213776,0.00214983181727229,0.000134649913524062,9.28068548667743e-05
0.214769660569266,0.784564887595152,0.000396406095682178,0.000159204957222593,0.000109840782677264
0.249696586408738,0.750018000113328,1.47237133545272e-07,0.000168523961085457,0.000116742279714255
0.381763942316686,0.617939708160223,2.66990351948938e-07,0.000173394227343587,0.000122688305394558
0.198023776066637,0.794366560350614,0.00738183827962105,0.00013295312312317,9.48721800045202e-05
0.29018266583307,0.695168887063288,0.0144011726799896,0.000141896845387724,0.000105377578264458
0.389232872155381,0.600127949450055,0.010372819615737,0.000153281025628857,0.000113077753197754
0.202583355305023,0.780664040654133,0.016540979068007,0.000121198291259564,9.04266815777837e-05
0.16018082130297,0.820501571078815,0.019134496343955,0.000104216877677021,7.8894396582614e-05
0.242965648359455,0.734244127408576,0.0225681200662283,0.000125740119788548,9.63640459531236e-05
0.246135491001584,0.716326450580147,0.0373251567477579,0.000117402918473613,9.54987520369464e-05
0.304765505847626,0.694708803732785,0.000234322984393656,0.000171287512201586,0.000120079922994617
0.332788811151436,0.666915171665832,1.84924913452942e-07,0.00017371724999448,0.000122115007824084
0.354553000832793,0.644969806385533,0.000182325113175292,0.000172853947053926,0.000122013721445359
0.33477891074867,0.663894810929599,0.0010368973307703,0.000169534605354448,0.000119846385606895
0.434356991731241,0.564998064914032,0.000354193878766206,0.000169753450358974,0.000120996025602146
0.325299161919248,0.671113661266286,0.00330812926072422,0.000162892764353511,0.000116154789387625
0.402346065609695,0.595227705372278,0.00214058190479421,0.000166472832764546,0.000119174280468124
0.584026060190665,0.414289502784485,0.00142534224587943,0.000150241040845237,0.000108853738125311
0.377007466295519,0.617419921577142,0.0052957193629628,0.000160711821273517,0.000116180943102922
0.48230709766054,0.51311450613594,0.00430564388406302,0.000157902443419604,0.000114849876037335
0.518863137899611,0.480321930354709,0.00053755362543396,0.000161406696069224,0.000115971424176246
0.606500656909251,0.393234680201018,6.35541232654428e-06,0.000150096846924729,0.000108210630479296
0.514237600840309,0.483589185270095,0.00189945838123017,0.000158946779701162,0.000114808728664712
0.591780149438384,0.407620176961256,0.000338836427662589,0.000151528055602762,0.000109309117094203
0.675142841328944,0.32451761146492,0.000103040593033105,0.000137204748103662,9.93018649996437e-05
0.755697155759635,0.243539935387126,0.000562480364987944,0.000115922632279259,8.45058559724802e-05
0.54702122238539,0.452704610734884,5.78036513868689e-07,0.000159226953538182,0.000114361889673717
0.458708012566431,0.539716152384343,0.00129170695253924,0.000165457360143127,0.000118670736543093
6.37781499816502e-05,4.72831051891585e-07,0.562614373188396,0.436676441254219,0.000644934576351596
6.2237941079666e-05,8.02430460649179e-08,0.605186720873113,0.39461395299846,0.000137007944301638
5.87834202257388e-05,2.1964347748336e-07,0.647531415748232,0.352409480938976,1.00249089005491e-07
6.43361456753813e-05,2.28148041550788e-06,0.632812177535454,0.367091145817909,3.00590205466679e-05
1.08099924177105e-05,1.65265877728179e-05,0.00520854640298196,0.994408254648538,0.000355862368289045
2.55416135715362e-05,3.19335443901223e-05,4.78414481888077e-05,0.000563192511798046,0.999331490882051
4.30742525241978e-05,2.92983630232821e-05,0.099473906220587,0.803678424802614,0.0967752963612516
3.92533680453063e-05,0.000341125517481331,0.294042540843667,0.705577056626152,2.36446543991026e-08
3.60158867911078e-05,0.000189703248390335,0.252959855548922,0.746814387990376,3.73255205903923e-08
3.04674362240954e-05,0.017317382265667,0.598160855866921,0.384480769746513,1.0524684674735e-05
5.1975277092266e-05,0.000805923170991584,0.600007657093325,0.399134376552219,6.79063721998483e-08
6.26739011413089e-05,5.03555230586285e-06,0.756961603650189,0.242969364905311,1.32199105280308e-06
3.86997757766786e-05,1.52968508278177e-07,0.978350078279055,0.0215760849108121,3.49840658483177e-05
3.50329008930298e-05,9.71715939914861e-08,0.993012774839082,0.00691040149556619,4.16935928646605e-05
4.70461082084411e-05,7.60097262959977e-06,0.95116364584666,0.0487495256931325,3.21813793696979e-05
4.29483757769873e-05,3.91444203325651e-06,0.957023848448864,0.0428991421209204,3.01466124056575e-05
3.82286650479826e-05,6.38819384063614e-07,0.9855534629469,0.0143687415217559,3.8928046911711e-05
3.27195106547479e-05,2.73438082238884e-08,0.993982972034654,0.00594377484705986,4.05062638231864e-05
2.9678867090406e-05,2.06857200392646e-08,0.997888940782496,0.00203655627693705,4.48033877560809e-05
3.49160388720809e-06,0.0258475863504179,0.974061609701569,1.74323704882886e-05,6.98799736371961e-05
4.63514682530126e-05,4.39101145274663e-08,0.864388715645323,0.13555236159255,1.25273837590075e-05
5.7258890343085e-05,7.50250699504921e-06,0.860098259977191,0.139820148599546,1.6830025924763e-05
5.53751121877452e-05,1.41213767078211e-07,0.823633666951905,0.176301252671448,9.56405069198346e-06
5.60981944722159e-05,4.83772764760403e-06,0.856009109686976,0.143914542628671,1.54117622332887e-05
4.53487534686288e-06,0.0673047372281972,0.786198344547338,0.146462316219663,3.00671294547822e-05
1.46007092259165e-07,0.142105081349183,0.77771092032801,0.08013272187667,5.11304390443898e-05
3.55726181725207e-05,0.0639827126142214,0.93591976727026,5.80257103430462e-07,6.13672402428258e-05
2.69097674386605e-07,0.049123903282054,0.950782354211274,1.85961514356389e-05,7.48772575617154e-05
2.72138558439987e-06,0.0192429689431066,0.980699212287063,4.26272481725385e-06,5.08346594293134e-05
0.000886561966645447,0.138822087488665,0.860185307339921,1.18908456155573e-05,9.41523591522694e-05
0.000507975996407871,0.119009832005153,0.880388770849149,6.28754735616796e-06,8.71336019342864e-05
0.000812889081307174,0.134811162661683,0.864264359180108,1.63412189516627e-05,9.52478579494784e-05
0.000279475611048708,0.102832706495779,0.896781869562287,1.70413444181352e-05,8.89069864670979e-05
3.08423737174906e-05,0.0749754539931579,0.924886778992416,2.23282023032833e-05,8.45964384052873e-05
3.17700972096143e-05,0.0721263285811781,0.927740189689929,1.95152268587936e-05,8.2196404824573e-05
0.12931439957071,0.679214969515012,0.191321122745347,5.5327906197605e-05,9.41802627341123e-05
0.019474525589693,0.814636448533152,0.165811071081131,1.36567563351959e-05,6.42980396886004e-05
0.0860776891509027,0.768775711296093,0.145026476759729,4.39419594079501e-05,7.61808338676627e-05
0.0160124431441272,0.942048754229919,0.0419018401536106,1.38043151138935e-05,2.31581572289162e-05
7.12995392376544e-08,0.873386430505063,0.126530412665879,2.01745612551023e-05,6.29109682636584e-05
4.23095963181516e-08,0.904841694514787,0.0950748428106376,2.77847647392839e-05,5.56356002401039e-05
8.07939256153268e-08,0.938051790440549,0.0618684260582237,3.37937594063581e-05,4.59089478951716e-05
2.58122990904046e-06,0.963612608216493,0.0363095377902823,3.74770983328628e-05,3.77956649829132e-05
0.501264303492015,0.466880356417186,0.0316215059522948,0.000129515863068006,0.000104318275436774
0.464475606285153,0.498730885408612,0.0365595485006847,0.00012882674614572,0.00010513305940436
0.716617588698036,0.274793381689791,0.00838512522151711,0.000116025030709632,8.78793599462042e-05
0.410086842870419,0.572177627567977,0.0174802707996655,0.000145157633865654,0.000110101128072949
0.352138342038724,0.622341389440125,0.0252761125722625,0.000137417369447784,0.000106738579441626
0.341894144946551,0.641263079206703,0.0165900074018338,0.000144275015890484,0.000108493429020844
0.452323629744899,0.539354524149836,0.00805374046413379,0.000154460136616162,0.000113645504515115
0.570322128662777,0.424970540734003,0.00445263083310251,0.000146961419757806,0.000107738350359401
0.661910095635258,0.335963513702681,0.00189348085257618,0.000134635508736711,9.82743007486127e-05
0.658199585703947,0.340786033131207,0.000775538538862748,0.000138402448200396,0.000100440177782514
0.735513010528261,0.262169847688162,0.00211748369002066,0.000115083138988813,8.45749545680238e-05
2.69876188653448e-05,3.39063384261564e-05,4.73560820292698e-05,0.00621668924333259,0.993675060717347
2.76722774055366e-05,3.46004747761964e-05,5.14783101651229e-05,0.000375409181854291,0.999510839755799
2.27354199856275e-05,2.84868752382476e-05,4.18067424328566e-05,0.00333783842964752,0.996569132532696
2.20863135648301e-05,2.7564298157383e-05,4.26420271378687e-05,0.000191046427621873,0.999716660933518
2.4209289115376e-05,0.0270409224068162,0.658707764380802,0.314212332171176,1.47717520906449e-05
3.59099023586642e-05,0.0101051652615526,0.536654451908278,0.453198456580873,6.01634693786994e-06
4.90270526072147e-05,7.75188636712305e-06,0.932186603678363,0.0677284546435561,2.81627391069708e-05
5.30040865336087e-05,7.23939532782171e-06,0.897343908747154,0.102573362312987,2.2485457997898e-05
4.35316560568619e-05,4.73575283265814e-06,0.966575543021875,0.0333418420209908,3.43475482447551e-05
1.92110600842079e-05,0.00268386221334092,0.99724248619358,6.18262586542881e-08,5.43787067368374e-05
1.00136241906323e-05,0.00879386976233367,0.991145323710541,4.80175067199948e-08,5.07448854277694e-05
5.97033491891008e-05,4.52733526296798e-06,0.809877729607719,0.190049871171649,8.16853618032753e-06
1.8398988440637e-05,0.0615779751120408,0.938315983782186,1.32016439703304e-05,7.44404733617406e-05
2.89140723277959e-07,0.0401939176523663,0.959725597539755,1.30046895392214e-05,6.71909776166994e-05
1.47621762522834e-06,0.0250242781132326,0.974904663561518,9.35854868083995e-06,6.0223558943036e-05
3.44958264293186e-07,0.0343391767978085,0.965595497474128,7.22325757794613e-06,5.77575122211431e-05
3.74378288374927e-07,0.0274178505817176,0.972532516284894,2.80287957925327e-06,4.64558755205777e-05
4.10654033529221e-06,0.01214188133861,0.98781539331418,2.08830840555294e-08,3.85979237905517e-05
8.00033690975403e-06,0.0045400603037702,0.995424529403698,1.13557091220328e-08,2.73985999130228e-05
5.40948055542672e-08,0.838840579304101,0.161075084203289,1.26385519397606e-05,7.16438458643016e-05
0.599877924274768,0.382533902470769,0.0173591939467772,0.000129076598595664,9.99027090899169e-05
0.604999570779312,0.380258421131454,0.014512004921717,0.000130240788245611,9.97623792709051e-05
0.650773174447908,0.335600273204053,0.0134067802209627,0.00012436761574738,9.54045113292545e-05
0.6884553749599,0.301563358668923,0.00976982665353527,0.00012018191750248,9.1257800139041e-05
0.778202601683269,0.216920297432097,0.00469470914528611,0.000104232203410122,7.815953593857e-05
0.775618230642105,0.219175350491097,0.00502189042543397,0.000105390802537904,7.91376388265627e-05
0.745434235135029,0.248864583311572,0.00550872481369164,0.000109984755298508,8.24719844088985e-05
0.899894974490946,0.0992782060551748,0.000709178668985273,6.75681425211674e-05,5.0072642372922e-05
0.678064232333297,0.312430653934642,0.00929112185244985,0.000121813481681056,9.2178397929524e-05
0.815023341140847,0.182988132108965,0.00183181721756889,9.00913889743875e-05,6.66181436455131e-05
0.849683689305806,0.148182909509434,0.00198290385058034,8.62761919104359e-05,6.42211422694273e-05
0.762433301364019,0.233585213235447,0.00379751084812074,0.0001054638826584,7.85106697546027e-05
0.731068934107559,0.265162341738107,0.00357028653275739,0.000113994117867254,8.44435037090722e-05
0.835731782925731,0.162117525615805,0.00200061623325941,8.61104943482016e-05,6.39647308562516e-05
0.90937262272057,0.0898772714135417,0.000626581347316055,7.09174886650982e-05,5.260702990694e-05
0.812828442604988,0.183960553314976,0.00304556459503301,9.47522800043481e-05,7.06872049986613e-05
0.871810511215495,0.12658260522164,0.00146413456169355,8.18677618538793e-05,6.08812393168336e-05
0.89318824521603,0.10576512457041,0.00091692661458942,7.44461129322479e-05,5.52574860384949e-05
0.948142644267342,0.0516488972731432,0.000112587454094482,5.50784311972267e-05,4.07925742233357e-05
0.556206738775769,0.435755113838309,0.00778694269250157,0.000144206161133136,0.000106998532287146
0.674605017882495,0.322122955203674,0.00304817089470683,0.000129041122085991,9.48148970383695e-05
2.41831250288665e-05,0.000575121660634017,0.999341860271007,8.31113294963219e-06,5.05238103806587e-05
2.07541448982163e-05,0.00162756628801821,0.998300797478834,4.11993422338541e-08,5.08408889067123e-05
1.306590341966e-05,0.00737129546283208,0.992557630442809,2.08849880927255e-07,5.77993410578644e-05
1.65622656330742e-05,0.00333383054612631,0.996601011665339,2.49454444169287e-08,4.85705774568556e-05
8.02979528006537e-06,0.0127952189665752,0.987134278469629,4.24826580026259e-06,5.82245027151325e-05
8.10401118171375e-06,0.0142129585654439,0.985707446887857,8.1983271570792e-06,6.32922083600865e-05
1.37485428010176e-06,0.0283424618783964,0.971571906780455,1.58395285842308e-05,6.84169582837352e-05
3.36061642568093e-07,0.0390117798195225,0.960892891272019,2.08358187139072e-05,7.41570281024198e-05
0.866932898966067,0.132665320515559,0.000271188087760926,7.53994477752018e-05,5.51929828380133e-05
0.912568009811009,0.0870019261351664,0.000338463354798679,5.27312677488516e-05,3.88694312769992e-05
0.938639941731103,0.0610576369788688,0.00019419635267013,6.21635107894637e-05,4.60614265682707e-05
0.926345018446253,0.0731852203610478,0.000357364583733609,6.45524680527687e-05,4.78441409130249e-05
0.995553997849664,0.00439376684224277,4.81558719830384e-06,2.71724470775248e-05,2.02472738170672e-05
0.80101992661348,0.198124843743281,0.000683423728009411,9.92151383685369e-05,7.2590776861269e-05
0.85803363481126,0.141774910075038,3.4049629837553e-05,9.09853510044164e-05,6.64201328601071e-05
0.824731020832758,0.174144852233506,0.000971507127362402,8.79735671254031e-05,6.46462392481324e-05
0.890502602215764,0.109045018186757,0.000345721015671583,6.14951994620866e-05,4.51633823446782e-05
0.955541084707396,0.0443984537417477,5.42528140925827e-07,3.45959665644651e-05,2.53230561511171e-05
0.868576981775149,0.130465106131212,0.000834513893135635,7.10149145383327e-05,5.23832859648108e-05
0.880661032582044,0.118326059276913,0.00089280107694128,6.9033441391301e-05,5.10736227110051e-05
0.924871050087991,0.0747414039410331,0.000295734652079852,5.27924126372091e-05,3.9018906258893e-05
0.973093800349266,0.0268643550242087,3.21123307678184e-06,2.22340801686386e-05,1.63993132800632e-05
0.945966877826748,0.0538643109755944,0.000102809719871449,3.79873467931393e-05,2.80141309927263e-05
0.949188974277645,0.0507186587843236,3.87895269844915e-05,3.09136176560599e-05,2.26637933909455e-05
0.966666959774877,0.0332401023460619,2.55218810189318e-05,3.8739452390666e-05,2.86765456512512e-05
0.916736006950196,0.0830986348850477,7.54473627988444e-05,5.19090204209811e-05,3.80017815365989e-05
0.908841570693235,0.0910291468225495,1.34582620930863e-05,6.6891173458434e-05,4.89330486644701e-05
0.978677594140601,0.0212994742329,1.91534577400552e-07,1.3148910380943e-05,9.59118154053122e-06
0.988959349507463,0.0109875230107585,5.69909748066899e-06,2.72768805185175e-05,2.01515037792712e-05
0.944065426142125,0.0557826646384124,5.38692916636579e-06,8.44346869788987e-05,6.20876033175211e-05
0.913995628154175,0.0858661619569926,3.99020835973328e-07,7.95496835603073e-05,5.82611844364259e-05
0.875669050907959,0.124149635947498,4.74081023171099e-07,0.00010446084181936,7.63782217004322e-05
0.964378849540182,0.0355162742361168,4.61999973795224e-06,5.77484517565025e-05,4.25077722070606e-05
0.945108903568034,0.0547643972799606,2.07184624337917e-06,7.18451954392752e-05,5.27821103232084e-05
0.970243329619696,0.0296087420854501,1.58043050208268e-05,7.60166011825282e-05,5.61073886507686e-05
0.940546134115672,0.0593500424769964,4.86278857555175e-07,5.9620962891708e-05,4.3716165583014e-05
0.965842830175154,0.0340851045614675,4.35226639579651e-07,4.12939456348481e-05,3.03360911041185e-05
0.9761341166389,0.0236547397791822,3.36136619662799e-05,0.000102057472931828,7.54724470192356e-05
0.990365815948558,0.00950701351820528,2.52934943977431e-05,5.85043454784196e-05,4.33726933604489e-05
0.96619764707435,0.0336228144040341,2.06250094742076e-05,9.14290152321062e-05,6.74844969099205e-05
0.942380762200438,0.0574371237347213,1.13642139058759e-05,9.83668442244811e-05,7.23830067100307e-05
0.992011117780352,0.00777304083507465,4.98921584945768e-05,9.52584122478534e-05,7.06908138310277e-05
0.981715872656291,0.018098308522287,3.23451979420886e-05,8.81931055988198e-05,6.52805178814553e-05
0.990721379930058,0.00910378484721597,3.79452294172846e-05,7.85929137565018e-05,5.82970795525816e-05
0.999069819634871,0.000694561474835004,7.04457138507589e-05,9.46850604490518e-05,7.04881159940543e-05
0.996197225946695,0.00358993673455967,5.62043547571141e-05,8.9850172377909e-05,6.67827916107316e-05
0.998749415107708,0.000975980666385213,7.77405442117801e-05,0.000112895130317816,8.396855137785e-05
0.998368920761918,0.00146065989904383,4.93534673412396e-05,6.94039985147666e-05,5.1661873182406e-05
0.998297160717685,0.00145251622267899,7.07930339106341e-05,0.000102951813202951,7.65782125223318e-05
0.999704148798086,6.47942895035168e-08,9.39648463699332e-05,0.000115661092233277,8.61604690211924e-05
0.919645323242435,0.0801905931936871,1.51369685151332e-06,9.37735100497213e-05,6.87963569765696e-05
0.964181588268075,0.0356082215382737,2.63525164040621e-05,0.000105766218795058,7.80714584521702e-05
0.909723633561069,0.0900988100884149,2.98235381254349e-06,0.000100719974362314,7.38540223409153e-05
0.865447804619127,0.134376242610293,3.47164347487152e-07,0.000101479437247014,7.41261689857877e-05
0.949056246058339,0.050747500272066,1.72583812960524e-05,0.000103069549053828,7.59257392450808e-05
0.967766124858257,0.0320220790713188,2.89273182891276e-05,0.000105183248234093,7.76855039011686e-05
0.990813783809277,0.00893101510801436,5.60947359389406e-05,0.000114326306692111,8.47800400780118e-05
0.982631945313151,0.0171330114636169,4.37708772467352e-05,0.00010990260371519,8.13697422707811e-05
0.990685747123399,0.00907212452216244,5.38342019900783e-05,0.00010810987592054,8.01842765283228e-05
0.808095009605076,0.191670754354396,4.6842003799849e-05,0.000108423464820287,7.89705719078813e-05
0.990419792104747,0.00932880782249947,5.5136234615008e-05,0.000112694887253092,8.35689508859287e-05
0.996366347964314,0.00336276978598894,6.89770764849844e-05,0.000115852751638128,8.60524215734476e-05
0.737410322040556,0.26217010816321,0.000206284294338127,0.00012353141570953,8.97540861860303e-05
0.99960939009181,9.26685370126685e-05,8.60096329129612e-05,0.000121525786148207,9.0405952116496e-05
0.995895024228726,0.00384799210834067,6.56084244616404e-05,0.000109807193155949,8.15680453158113e-05
0.998694131748442,0.00101820436499337,7.84086447897867e-05,0.000120028599834552,8.92266419402131e-05
0.998922263800382,0.00079060651682075,8.00724132386185e-05,0.000118752726262383,8.83045432958611e-05
0.999696204006447,4.19219200253366e-08,9.20675987859442e-05,0.000121351078945388,9.03353939018949e-05
0.999670441750368,4.08264703297822e-06,0.000107095462005647,0.000125127616343259,9.32525242504571e-05
0.999684637065857,5.09372886723628e-08,0.000100781360261017,0.000122942862180559,9.15877744124721e-05
0.999678682202625,3.21980950508994e-06,0.000106571804333056,0.000121184850253784,9.03413332835365e-05
0.985990385191678,0.0139243030769722,1.00457075290508e-06,4.83826157105542e-05,3.59245448864e-05
0.977325273565976,0.0226007925803883,5.50727905270685e-07,4.21393225839507e-05,3.12438031462038e-05
0.985974417956615,0.0139694132938641,4.89678827943285e-07,3.19562986080721e-05,2.37227720852237e-05
0.989857590358533,0.0101085764736949,3.76406395005483e-07,1.9202566433067e-05,1.42541949438038e-05
0.995373175490934,0.00454307228711972,7.67055965422968e-06,4.36163717601451e-05,3.24652905321189e-05
0.999967554381367,5.27080790335428e-09,8.79082864716652e-06,1.35121354173008e-05,1.01373837611608e-05
0.969115259288787,0.0307949461130376,1.27874513484911e-06,5.08365162590627e-05,3.76793367814589e-05
0.985172033432752,0.0147466776373886,4.81491001658667e-07,4.63752906985757e-05,3.44321481596481e-05
0.992939566849673,0.00697156090001403,5.74811084978594e-06,4.76735503969153e-05,3.54505890661951e-05
0.996405213032454,0.00358263655408295,4.02901285930302e-07,6.73383356374955e-06,5.01367861391331e-06
0.999901277690603,1.06434774996416e-08,3.46847477959885e-05,3.6635083787098e-05,2.73918343363472e-05
0.999870759892061,2.40447383296289e-08,4.07643918420377e-05,5.06186327500182e-05,3.7833038608015e-05
0.999960697832014,1.12914218353458e-09,1.48029123083153e-05,1.39890432395175e-05,1.05090832958337e-05
0.999922039915012,2.19257484249947e-08,2.10354476879954e-05,3.25567243899327e-05,2.43459871616051e-05
0.999970375090966,2.08548846543703e-08,7.88612778595239e-06,1.2444873865313e-05,9.27305249762573e-06
0.998221033148433,0.00168219990583315,2.64868390776948e-05,4.02925983600715e-05,2.99875082964449e-05
0.999920259190227,7.62124587268475e-09,2.7637108632066e-05,2.97832371122432e-05,2.23128427832626e-05
0.999652268602387,0.000244412102291528,2.39569166325881e-05,4.54442206289071e-05,3.39181580605286e-05
0.999853227048325,3.65785114968037e-08,4.78495522066438e-05,5.66376052907801e-05,4.22492156660184e-05
0.99869097615413,0.00123198243869808,1.43184933234788e-05,3.5919351551846e-05,2.68035622965788e-05
0.999897078895593,4.28210283616465e-08,2.80718374185243e-05,4.28163908728669e-05,3.19900550867597e-05
0.999870685651633,2.14437482224864e-08,3.73547769200022e-05,5.26291896658251e-05,3.93089380325943e-05
0.999821974981141,3.2237562676199e-06,5.67283805568637e-05,6.75904985877506e-05,5.04823834468392e-05
0.999767485449972,0.000115511517442585,2.54671504626297e-05,5.24326113729683e-05,3.91032707499575e-05
0.999776101524524,2.71455377521815e-08,7.38229551856986e-05,8.59564513641762e-05,6.40919233876801e-05
0.999875573578322,2.76998479704817e-08,3.12488305762365e-05,5.33422746534688e-05,3.98076166008921e-05
0.998720331833045,0.00117593131987891,1.81296777527878e-05,4.90503533676706e-05,3.65568159557634e-05
0.999791034429719,5.52961466289461e-06,7.27812966040956e-05,7.47904027953393e-05,5.58642562188114e-05
0.9998404273507,2.23814179927034e-08,5.62885341553839e-05,5.91066813233587e-05,4.41550524028946e-05
0.999784577026621,6.21067973977577e-08,7.49257228561341e-05,8.04139385442644e-05,6.00212051815262e-05
0.999851221350438,2.73816130145328e-06,5.23981709227767e-05,5.35773650417371e-05,4.00649522957052e-05
0.99971063998521,1.48032175099166e-06,9.9410576649073e-05,0.000107946736875828,8.05223795136167e-05
0.99974666189432,8.81453108270812e-08,8.68378921860069e-05,9.53104477303795e-05,7.11016204527687e-05
0.999726311052816,4.20028933569209e-08,8.98468531841305e-05,0.000105306363040138,7.84937280667347e-05
0.999724095547626,1.02885545763532e-05,9.43595094008961e-05,9.80611066068076e-05,7.31952817898837e-05
0.999614659719861,0.000116100335475487,8.41674537594747e-05,0.00010606896766993,7.90035232335826e-05
0.999485239556703,0.000234036758715273,8.46356667331929e-05,0.000112409538158421,8.36784796904546e-05
0.999699633085225,7.40181262431301e-08,9.9058583455612e-05,0.000115297129438148,8.59371837546572e-05
0.999692109342587,1.21404506490044e-06,0.000104303388629574,0.000115927085686325,8.64461380323729e-05
0.999659992386826,1.25056398216849e-05,0.000113958229684577,0.00012231169900439,9.12320446636607e-05
0.999679659960831,8.14840099436414e-06,0.000108656827520149,0.000116575146134107,8.69596645201543e-05
0.999669181285147,7.38784762286641e-06,0.000110988404842539,0.000121691391788834,9.07510705988599e-05
0.941126542648831,0.0586048420397026,0.000178503550000285,5.17861205819455e-05,3.83256408842436e-05
0.982461594747202,0.017446552026331,1.06585324049043e-05,4.66974106716314e-05,3.44972833909198e-05
0.984693571455466,0.0150915110877149,4.14656454622933e-05,9.96429985804154e-05,7.38088127762044e-05
0.999666885864413,5.97917410511196e-06,0.000109755408353553,0.000124538849647996,9.28407034801131e-05
0.999739375671589,1.94436930398599e-05,8.61622270902683e-05,8.87425734558039e-05,6.62758348247995e-05
0.999824473753536,1.58537371390941e-06,5.79624571050896e-05,6.63846361008883e-05,4.95937795446198e-05
0.999448496409387,0.000340941559214196,6.51261656513219e-05,8.33481337890838e-05,6.20877319581889e-05
0.999893534752079,4.8191711950683e-08,3.83700692026261e-05,3.89195716220757e-05,2.91274153845112e-05
0.999877058990301,5.91801921208196e-08,4.212356589854e-05,4.61995794055037e-05,3.45586842023426e-05
0.999807374624543,7.69492714955843e-06,6.51650972159311e-05,6.85443202139812e-05,5.12210308771538e-05
0.999664481400257,1.43498998160593e-05,0.000112829626083571,0.000119321270372374,8.90178034703247e-05
0.99967778638306,2.22309243166793e-05,0.000107505586507469,0.00011021488452529,8.22622215903533e-05
0.99968400696339,1.51953295174497e-05,0.000106744757006116,0.000111125928956847,8.29270211291279e-05
0.999702748340905,8.39482843664318e-06,0.000101619186544575,0.000107226918804469,8.00107253098868e-05
0.999702333455487,2.03366522346266e-05,9.96745416403028e-05,0.000101717930293931,7.593742034381e-05
0.999701311538306,1.62402329111538e-05,0.000100913736629095,0.000103946384584387,7.75881075694184e-05
0.999682334174366,2.03048512170349e-05,0.000106405411370845,0.000109344135106234,8.16114279398288e-05
0.999730564910862,1.49361069137721e-05,9.13388246121495e-05,9.34125773212009e-05,6.97475802906601e-05
0.999669118707283,1.88317318762461e-05,0.000110925200060302,0.00011517715098736,8.59472097931447e-05
0.999728210220109,1.89076494273104e-05,9.09439357770608e-05,9.27083578019169e-05,6.9229836884096e-05
0.999770712044021,1.20210093021292e-05,7.79902039652552e-05,7.97231527910225e-05,5.95535899209064e-05
0.999846053459958,6.91144866271641e-08,4.69636244336821e-05,6.12054974740763e-05,4.57083036478781e-05
0.999803815236815,5.94444447176507e-06,6.43211688108048e-05,7.20788033181754e-05,5.38403465841788e-05
0.999781311057374,1.09901732305953e-05,7.27889188643009e-05,7.72233080906888e-05,5.76865424402925e-05
0.999758965090094,1.51445213148049e-05,8.06947163801608e-05,8.31139997162293e-05,6.20816724947734e-05
0.999835813800294,2.73753417477482e-06,5.45946573417526e-05,6.11530950010417e-05,4.57009131884342e-05
0.999689240653358,2.39565298123076e-05,0.000103216810386408,0.000105115577056787,7.84704293865785e-05
0.999721037798922,2.18599609323795e-05,9.24314582407845e-05,9.42732511380082e-05,7.03975307665654e-05
0.999760852265103,1.53484310002697e-05,7.89517890959561e-05,8.29167585374196e-05,6.19307562637765e-05
0.999755457128667,1.62970227507455e-05,8.10750062997763e-05,8.4246623509061e-05,6.2924218773078e-05
4.04290816116802e-05,0.00137379989248244,0.357869362680653,0.640716328378778,7.99664756059715e-08
